epoch,epoch_duration,dis_loss_real,dis_loss_fake,dis_loss_total,gan_loss_bce,gan_loss_mae,gan_loss_total,val_gan_loss_bce,val_gan_loss_mae,val_gan_loss_total
1,378.3869676589966,0.2905158178397411,0.25300496574542247,0.5435207835851636,1.8371609019788566,0.12047815854137722,13.884976754875948,0.026420571693712896,0.0885359774426793,8.880018319371402
2,356.5481095314026,0.25443151885223825,0.21055611481475406,0.4649876336669923,2.1468578172426156,0.10435271850467598,12.582129669015425,1.3052313438530176,0.08834570694463717,10.139802058972078
3,356.9496865272522,0.2570457597517869,0.20860070903550998,0.4656464687872969,2.1072295032387234,0.09731260084472325,11.838489582503799,0.7508439079117036,0.0813579864474268,8.88664254551594
4,359.53896260261536,0.24353527318475987,0.19809513225328063,0.4416304054380405,2.258322673013611,0.09439319290261525,11.697641970467393,1.2627236118950695,0.08091452773762205,9.354176403611953
5,355.18760347366333,0.22647745644700365,0.1844590793165759,0.4109365357635796,2.5740768548345914,0.09273496760483695,11.84757362708558,0.2860028836977938,0.08191158082370115,8.477160963638667
6,355.25511503219604,0.21550492885694272,0.17404504924943334,0.38954997810637604,2.8425027544263504,0.0907728705150721,11.919789805029431,0.6331019989996877,0.07968557281300886,8.601659264937993
7,357.8287284374237,0.1857866543508942,0.15025406119430776,0.336040715545202,3.139305345550941,0.09069382257922723,12.20868759825282,1.3061173832915953,0.08597880075660234,9.903997460349661
8,357.27653431892395,0.17375387963646885,0.14193159495052696,0.3156854745869958,3.3852464142289476,0.08914342793690408,12.299589212358432,2.410470618359161,0.08145753903575717,10.55622453811173
9,357.7424244880676,0.17582509973641727,0.14923723868736966,0.32506233842378696,3.470709141044721,0.08789721200834062,12.260430329037408,1.001025381418308,0.07764839622546632,8.76586502801308
10,356.3669285774231,0.16536164672995843,0.13596809394839113,0.30132974067834956,3.572409370519819,0.08700027498824481,12.27243686679506,1.4345288732121333,0.08204421860408478,9.63895070096834
11,356.0480806827545,0.15975966040929984,0.13182356742189283,0.29158322783119267,3.706668290561133,0.08612858384412571,12.31952668149976,4.051284973738624,0.08242574663924389,12.29385964336291
12,355.67903327941895,0.14861229172437607,0.1275653267321967,0.27617761845657274,3.8754490446979113,0.0873333773079471,12.608786777423246,1.876173694331355,0.07957824180157133,9.833997890597484
13,356.3415641784668,0.15793158251689715,0.13386615172127816,0.29179773423817534,3.8140608020072437,0.08485855838882118,12.299916634159366,1.7146576566991476,0.07587148961636538,9.301806610572967
14,356.3918902873993,0.13450987378659995,0.1112478140383735,0.24575768782497345,4.1475608547891145,0.08513252570694924,12.660813412527098,6.2932464711653076,0.07885516366373428,14.178762854557002
15,358.6316204071045,0.13176714688492677,0.11491631505729415,0.2466834619422209,4.359470514594204,0.08535543925224048,12.895014425263788,4.3338795892202135,0.08205615850216379,12.539495443820085
16,359.1910903453827,0.1368320088461761,0.11337546909736328,0.25020747794353937,4.35481718943937,0.0841962377605348,12.774440954636484,1.7628565831262557,0.0756066353119679,9.323520108867429
17,355.7628300189972,0.13180215661545686,0.11784228581350578,0.24964444242896264,4.497082846769451,0.08320594694716923,12.81767753005898,1.3894712695332825,0.07858057185423939,9.247528453993667
18,355.52034616470337,0.12940907975143695,0.10581888691849292,0.23522796666992987,4.595685928135458,0.08261702111480336,12.857388030438528,4.541548326801515,0.07624778204779048,12.166326500244697
19,355.1494710445404,0.11999556394759746,0.10417527386499573,0.22417083781259317,4.749276149446946,0.08263942702285891,13.0132188283614,9.743679384499083,0.0775192955844715,17.495608962950158
20,355.5973606109619,0.10857481497856226,0.09690294205957287,0.20547775703813514,4.954892760754502,0.08212604418560102,13.167497185459972,3.070893339337764,0.08076969800493214,11.14786313183755
21,353.1717941761017,0.10711911021594216,0.10165676244329724,0.20877587265923941,5.076716926302353,0.08184609759639758,13.261326688049483,4.612935526340602,0.07714939538477657,12.327875042656515
22,353.98422932624817,0.10821464925799285,0.09455724702537166,0.2027718962833645,5.280074390834265,0.08104928868761571,13.385003268283649,3.042183246768889,0.07841853955879347,10.884037199350438
23,354.22489833831787,0.10052077445213796,0.08323217930610688,0.18375295375824485,5.073456864287383,0.08075281106323058,13.148737939604878,2.606944823851351,0.07632586299246669,10.239531131824291
24,354.14506673812866,0.11754658603774616,0.09538033952272161,0.21292692556046777,5.189537825103659,0.08073609030336468,13.263146844876074,2.2794536069876945,0.07312264230326225,9.591717858132117
25,354.83572483062744,0.09555177706601056,0.0799017013172882,0.17545347838329878,5.279783719973842,0.07989587203215427,13.269370899148232,3.9815561182946237,0.07552141384755978,11.533697483535239
26,355.21968364715576,0.10572271772873061,0.10095154663092253,0.20667426435965314,5.235403512570545,0.07934238888870544,13.169642406223463,5.716821008909813,0.0763660764053654,13.353428678217265
27,353.82007026672363,0.11470848314997628,0.09527705932853356,0.20998554247850984,4.999394214501346,0.07869158082481909,12.868552309318181,2.7763105897955556,0.07643099434212366,10.419410028092848
28,354.19086623191833,0.10094241715735422,0.09126942633332294,0.19221184349067716,5.073609953596645,0.07896651107355626,12.970261045180969,3.2314266378979433,0.07542020758318771,10.773447399799506
29,354.187157869339,0.0826139878109956,0.08138404430753089,0.16399803211852648,5.543974029539275,0.08026901548082539,13.570875581163559,2.366492867252649,0.07711277309065526,10.077770168881164
30,354.0553197860718,0.12295187537687371,0.11095981551503004,0.23391169089190375,4.964260080761283,0.0774447418049141,12.708734251504398,1.8080407916305279,0.07500820061724585,9.308860847424505
31,353.91940903663635,0.09804613088125015,0.0847522552759745,0.18279838615722466,5.113081278374596,0.07708732056750978,12.821813314935588,1.933703963765247,0.07454041054027871,9.387744999974151
32,354.6273491382599,0.10178870408638767,0.08661094097934822,0.1883996450657359,5.316935445052864,0.07642103035179694,12.959038477526963,1.2434401931495613,0.07533847033054668,8.777287224819968
33,352.186811208725,0.09650547588064003,0.08897924260725508,0.1854847184878951,5.131387330972365,0.07759929911223287,12.891317247256746,2.9343436483042704,0.0748277210913775,10.417115773442447
34,351.04518961906433,0.10385302850802969,0.0920409890930435,0.19589401760107317,5.15501398359337,0.0772253433726796,12.877548347859488,2.8455691994430805,0.07617290409617737,10.462859603659485
35,351.5001685619354,0.09678247451151951,0.08435114952637135,0.18113362403789085,5.501140010617945,0.07655581210002331,13.15672122039934,5.698483566985973,0.07406647616016843,13.105131177954336
36,350.7222502231598,0.10437664572299937,0.09207463369705404,0.19645127942005342,5.209678238869584,0.075928080762417,12.802486350936611,2.616918078537196,0.07610988383179697,10.227906439039442
37,351.21002650260925,0.09126227784680507,0.08260892909176802,0.1738712069385731,5.260444857560805,0.07599735961050937,12.860180819339126,1.0008769529330492,0.07763022952501022,8.763899919548104
38,350.99527049064636,0.0994240102255671,0.08737744444941815,0.18680145467498527,5.382820579801162,0.07541094728521187,12.923915283088267,2.8495995299195114,0.07317234146559716,10.166833690823971
39,350.7449154853821,0.09197156637267119,0.075863508323373,0.1678350746960442,5.464284420230963,0.0750927254583102,12.973556982339733,2.3496419627809786,0.07318448676016921,9.668090652681222
40,352.9000861644745,0.08828218145546685,0.08261043888455705,0.1708926203400239,5.525208909254875,0.07576653720168601,13.101862624831444,2.477355917131966,0.07429656704280438,9.907012593767899
41,352.42419171333313,0.09425094971195934,0.08609491805225596,0.1803458677642153,5.3544200335758445,0.07576103884485434,12.930523909138937,1.1564382005258989,0.07378910537741278,8.535348725449191
42,351.3074972629547,0.10484105332052764,0.0924755730827199,0.19731662640324754,5.217069363615809,0.07498574979861614,12.715644352627496,1.6425801395609947,0.07287478014718204,8.930058146652193
43,350.55790734291077,0.07261326050590602,0.06527580408276723,0.13788906458867325,5.977218592362682,0.0759293241069455,13.570150991425898,2.9455768803646873,0.0772782404328576,10.673400900620146
44,351.29141116142273,0.102559041652533,0.08102526516452609,0.1835843068170591,5.412130144934585,0.07455154932290996,12.867285084985468,0.9882974616219654,0.07064576339967318,8.05287380079537
45,352.51809215545654,0.0747749217342263,0.07248854861208794,0.14726347034631423,5.806580743106612,0.07486032899112244,13.292613635750582,4.633670377275331,0.07227871478458897,11.861541864433358
46,352.77204275131226,0.0851967790044119,0.07418350851159755,0.15938028751600947,5.624476560874142,0.07443877566439255,13.06835411934957,1.8112762659950985,0.07154713096080148,8.96598936212953
47,351.8627302646637,0.10120532618885257,0.0930913804551127,0.19429670664396526,5.439058023321367,0.0739143713824383,12.830495149984847,3.0168987938180862,0.07208384708832197,10.22528349072121
48,350.9511034488678,0.08196031448830012,0.07963161292532821,0.16159192741362832,5.643874084101106,0.07311334138239876,12.955208249770813,2.2100738416712575,0.07184030806038441,9.394104653586021
49,350.9444465637207,0.09319368506210449,0.08355354366296382,0.17674722872506832,5.416109268356414,0.07296389485896314,12.71249875491553,2.5514839416427475,0.07149775099273914,9.70125906541265
50,350.4343419075012,0.08392043626235828,0.07391079856559918,0.15783123482795747,5.727689368772681,0.07303789034434832,13.031478396188604,1.2310100989263566,0.0719209200005388,8.42310209569601
51,350.9568221569061,0.07933315448137057,0.06784777419324668,0.14718092867461724,5.9632815472836045,0.07329923551305313,13.293205097643998,2.2497272901847714,0.07425788801183791,9.67551609292925
52,350.88085174560547,0.08811027824500407,0.07456545298736601,0.16267573123237009,5.619244552441757,0.07384815543590889,13.004060091981053,0.37499819932088174,0.07237285719624634,7.612283907301439
53,351.4896411895752,0.09042321642072229,0.08161403566010701,0.17203725208082932,5.617061844272335,0.07316161574962393,12.933223389796098,1.8157712888847934,0.07323134289833909,9.138905605983213
54,350.5678675174713,0.08497981848636571,0.07463436449362909,0.1596141829799948,5.610361580267875,0.07294380048801442,12.904741623975935,1.7947157838522627,0.07401974466994052,9.196690241495768
55,351.0398054122925,0.06931912906882814,0.0646393338447663,0.13395846291359445,6.151512708977191,0.07224734427992009,13.376247136262212,1.4183867622051516,0.07099319814631413,8.51770659222629
56,353.07894492149353,0.08486648372608081,0.07986343305303115,0.16472991677911197,5.536470846429358,0.07143133621744431,12.679604455937435,1.792355536111717,0.06868146903276824,8.660502436382522
57,351.51608777046204,0.08017015858906698,0.06944685734430406,0.14961701593337104,5.838421867439782,0.07263800909192077,13.102222800254822,1.665407359220074,0.07002373931349301,8.66778128524947
58,351.0309889316559,0.08907937387790141,0.0786032453792563,0.16768261925715772,5.784946874436671,0.07191822752373524,12.976769633319256,2.3360243371275606,0.07279361154585534,9.615385484825717
59,350.8926031589508,0.0932284681454943,0.08179459494641149,0.1750230630919058,5.582961532973895,0.07130398411715036,12.713359953495708,2.5584109664397596,0.07108411923363017,9.666822906834614
60,350.6824128627777,0.08617770732669892,0.07162454679928777,0.1578022541259867,5.811786889431685,0.07128580632775913,12.940367516266168,2.19405316166539,0.07197782906189643,9.391836059115189
61,350.9634177684784,0.08010746627602681,0.07789653978562217,0.158004006061649,5.631871553722524,0.07146880104475023,12.778751666963535,2.5676325208936666,0.07266712584829667,9.834345122286965
62,350.8541798591614,0.08675011573455174,0.07354522560382573,0.16029534133837747,5.820622104906688,0.07167174677062019,12.987796772135436,1.3812131635803995,0.07220666474732274,8.60187962710966
63,351.1086308956146,0.08717870044686452,0.07503667914826066,0.16221537959512516,5.722805232135919,0.07117913038355984,12.840718274351454,3.2746521208455652,0.07323201898085072,10.597854017559948
64,350.9636163711548,0.08315099491689985,0.07453226297828375,0.15768325789518362,6.134996378617565,0.07175289630043545,13.31028602158066,1.7466064186695496,0.06986223018723108,8.732829444829667
65,351.09964966773987,0.07329199944273111,0.061400708863308874,0.13469270830604,5.7525483771179715,0.07090241450945554,12.842789810504357,2.2481917370863953,0.07203292134022832,9.451483881538683
66,352.7689096927643,0.08989030586773165,0.07894761906900667,0.16883792493673833,5.520108212954806,0.0701194354405212,12.532051740336593,2.091816904549173,0.06959844326332401,9.051661250804074
67,351.7019374370575,0.08572202965466212,0.06945068141067251,0.15517271106533465,5.71813920020622,0.07006207617113612,12.72434681719237,2.4523172786761287,0.06950254737821922,9.40257200213295
68,350.4029815196991,0.084392992635109,0.07722350006547724,0.16161649270058623,5.632385696590382,0.07027356541820931,12.659742228958729,2.928739219198244,0.06975278677334008,9.904017900074331
69,351.04086208343506,0.09150235433706518,0.07593696143909758,0.16743931577616275,5.908143638911908,0.06995863348192936,12.904006980849008,2.7485313431812766,0.07023955330266218,9.77248669365499
70,350.40719056129456,0.07468209232620542,0.0698092264276046,0.14449131875381002,5.801034976096049,0.07011674624743675,12.812709582439304,2.034034594269181,0.07212081939009152,9.24611654524812
71,350.8632504940033,0.08056996324445152,0.07402814760847165,0.1545981108529232,5.696754296548175,0.06954009910870385,12.650764214078876,2.5652836055269224,0.07589240712817684,10.154524299399231
72,351.76662945747375,0.07621392259832778,0.06402380177952476,0.14023772437785254,5.994794740402786,0.07041325500187376,13.036120258978684,5.678530698482673,0.07251826295279686,12.930357014112351
73,351.9551203250885,0.0784397768387258,0.06885605536073869,0.1472958321994645,6.125023702635382,0.06957745434118122,13.082769114170631,2.192405048832433,0.07000323064889902,9.192728109481338
74,349.89442467689514,0.09831144830308274,0.08209760742819448,0.18040905573127722,5.612740320119545,0.06892405892977232,12.505146189871496,2.263723218267298,0.07019119627963759,9.282842849773136
75,350.53329253196716,0.07027961718128785,0.07021415943155493,0.1404937766128428,5.957117669882566,0.06937005316471531,12.894122974280894,1.9746894979737495,0.07254828224959486,9.229517704802133
76,350.8533787727356,0.06767873790479736,0.06715553110981316,0.13483426901461054,6.174643719174566,0.06916421349160373,13.091065056567645,2.889833786448494,0.07065966655288183,9.955800449913317
77,351.06888031959534,0.07310118302051899,0.07601567152559575,0.14911685454611473,5.976851534669417,0.06921285718898663,12.898137266183422,4.296196288098403,0.07272699525501776,11.568895794220527
78,351.71170234680176,0.07685555457162917,0.06780652470073964,0.1446620792723688,5.701453493241846,0.06900111758226637,12.601565233764857,3.0809230059656723,0.07248201090096071,10.329124109341148
79,350.6504065990448,0.07924967759973166,0.07478026865089261,0.15402994625062427,6.16741659660844,0.06943692862486167,13.111109486461556,2.8861271251529077,0.07078475276439133,9.964602385279477
80,350.93159317970276,0.07087637076620597,0.06135477241151465,0.1322311431777206,6.030412811894704,0.06892367279077166,12.922780100664083,2.3863649125090496,0.06881021472450706,9.267386373057827
81,350.6120069026947,0.08483046821634696,0.07860817263021884,0.16343864084656579,5.824851741864734,0.06927537799848543,12.752389540202426,2.9708730286370644,0.06956165510387531,9.92703853626286
82,351.29167342185974,0.06968643464910332,0.06639096857106182,0.13607740322016515,6.080616606848083,0.06921476621374516,13.002093227892896,2.472992333992366,0.06979952664377477,9.452944988327165
83,352.73836064338684,0.07193448390467351,0.0706187219138912,0.1425532058185647,6.029538098477969,0.0687193843233569,12.90147653722415,2.405565502267935,0.06762303407380327,9.16786891645421
84,351.2960865497589,0.08980749467353445,0.08264462347613867,0.17245211814967312,5.805232192967495,0.06767573073611724,12.57280526848605,1.3536702664959193,0.07002899005927675,8.356569267578681
85,350.44466042518616,0.06002198910762581,0.059513893978641666,0.11953588308626747,6.3180788643386245,0.06793728742126484,13.111807620873416,2.488246179560712,0.06866081990471248,9.354328158123245
86,350.8067932128906,0.08551485334461412,0.0787415419495484,0.16425639529416253,6.0379771793628265,0.06988575684975656,13.026552874241432,2.896423603993296,0.06829592663937253,9.726016281732445
87,350.4127781391144,0.0780009368173461,0.07390966234491018,0.1519105991622563,6.107181922797739,0.06818954467290782,12.926136402970682,2.9441349341895413,0.0672819051613356,9.672325412215214
88,350.9176754951477,0.06478990875036592,0.06054700881831789,0.12533691756868381,6.142845092898738,0.06815358945279022,12.958204015763137,3.010542501191624,0.06918680758804137,9.929223242136082
89,350.42461371421814,0.07906937148508705,0.07365982162794919,0.15272919311303623,5.964505466503383,0.06790196683672495,12.754702141685208,3.3811389044985747,0.07083273086126873,10.464411985678751
90,351.2992219924927,0.07089684427084135,0.06045992912972292,0.1313567734005643,6.088836984151471,0.06792321042956471,12.881158028205816,5.397048923270082,0.07017150254265316,12.414199166393454
91,351.56263971328735,0.06696778820814324,0.058545385805629215,0.12551317401377246,6.188975970186021,0.0674622639432468,12.935202354497283,2.3084119417194024,0.07035745935809742,9.344157857321651
92,351.5993356704712,0.06846778643439648,0.06560868583899834,0.1340764722733948,6.307279472477244,0.06727086372901243,13.034365830847817,2.656579907257483,0.06928501139905555,9.58508103315079
93,350.1733317375183,0.07693048549853863,0.07176264445138673,0.14869312994992537,6.006118988686234,0.06756983753497692,12.763102731239186,1.1270243503248323,0.07220302430916245,8.347326788528804
94,350.54929661750793,0.06627775962595618,0.05997845652519659,0.12625621615115276,6.36065897747983,0.0676155317210198,13.122212176992946,3.3724309858511488,0.07062630984043272,10.435061982854902
95,350.55717158317566,0.07069353933693348,0.07277326629536839,0.14346680563230185,6.502877669830392,0.06747547101975507,13.250424764017119,3.2827148732808986,0.06905253663598025,10.187968534198616
96,351.34553050994873,0.07281303146545252,0.07213684181428137,0.1449498732797339,6.238036208344202,0.06736662290925771,12.974698496669749,1.2151977693448301,0.0693482559595006,8.150023380481047
97,351.31753420829773,0.06070359611294983,0.05693669032311723,0.11764028643606705,6.190154276733851,0.06801735264262741,12.991889526917987,2.2085651160372195,0.0692112452124936,9.129689639600466
98,350.6746594905853,0.07187686337315898,0.06731865244426172,0.13919551581742068,6.368014927382451,0.0672521615969391,13.093231068910473,1.9891185879924476,0.06902970139697222,8.892088718318766
99,351.4036240577698,0.05908196344355138,0.05461686892993854,0.11369883237348992,6.439083167725671,0.0669363359831457,13.132716763628661,2.2375106425016087,0.07178559536809859,9.416070197232218
100,350.5616171360016,0.07814846101100732,0.0712744907583688,0.14942295176937612,6.076037974579491,0.06679966208039796,12.756004182526665,2.9742503589619704,0.07048651456955027,10.022901809497826
101,352.588609457016,0.07968513691711197,0.07823371053305861,0.1579188474501706,6.3225401520294,0.06665116752052584,12.987656914187173,2.3344174783629366,0.06766805663460591,9.101223138729297
102,351.2016530036926,0.06679510618514907,0.06007953523819836,0.12687464142334742,6.287673809178119,0.06699198574026584,12.986872388716161,3.105279457373697,0.07194270656863143,10.299550121599207
103,350.6471314430237,0.07130251224573833,0.06580663241695085,0.1371091446626892,6.091441979319074,0.06862597245774843,12.954039242037021,2.2273600658432384,0.07117362330092596,9.344722390826282
104,350.4064860343933,0.06726570345441632,0.06445250534674858,0.13171820880116492,6.46437241441577,0.06665116271010879,13.129488687445647,2.9152990069328544,0.06951718931451087,9.867017919682848
105,350.949214220047,0.06030056820489143,0.059243937675410176,0.1195445058803016,6.358202297865909,0.0661957289621635,12.977775200222531,3.5274618733776073,0.06938861154243757,10.466323036965125
106,350.5848569869995,0.07424483492189496,0.07370820690631266,0.14795304182820762,6.080233522466499,0.06675351746456806,12.755585293700225,2.6142345471460313,0.06864651597914148,9.47888615787138
107,350.40339970588684,0.07717357924836263,0.07379613709471361,0.15096971634307624,6.148186833971608,0.06623237712260328,12.771424534547068,2.2442286538404628,0.06963836554716085,9.20806518669337
108,352.45133543014526,0.06789414032893346,0.05667064242334205,0.1245647827522755,6.33535121870737,0.06647761764275047,12.983112947784202,2.551517187246208,0.06993815572576119,9.545332785295441
109,351.7667760848999,0.07761168960208294,0.07151940587723732,0.14913109547932024,6.162323860030105,0.06629541362627293,12.791865206656665,2.920568808940373,0.07043314879702468,9.963883692666698
110,350.3045060634613,0.06145432159810797,0.058430773960534546,0.11988509555864252,6.348298436860098,0.06611131550701689,12.95942999476934,1.8192496394741948,0.07056274047572647,8.875523674032076
111,351.43832325935364,0.0804736205972426,0.07269291659421255,0.15316653719145515,6.043641160874471,0.06615152313411372,12.65879347550608,2.3608050081464977,0.06801766279290934,9.162571289500253
112,350.7327525615692,0.07852719250172649,0.0667580567516006,0.1452852492533271,6.189290636592973,0.06553573902470339,12.742864528059089,2.4525990450317092,0.06854050484009236,9.306649521617507
113,353.3006384372711,0.0647784713613175,0.05766242580559038,0.12244089716690787,6.137353946583985,0.06619761784324749,12.75711572735849,2.758083689191085,0.07035589287183053,9.793672940770133
114,352.10305643081665,0.06148690776561564,0.054684126202778856,0.1161710339683945,6.459815869039863,0.06556459317446081,13.016275194004505,3.6368303138538787,0.06933580718608827,10.570410999661153
115,351.2896556854248,0.06496561153678397,0.06244611985238595,0.12741173138916992,6.542199042972422,0.06603042906520712,13.145241939020853,2.6227300279996,0.06783130010912272,9.405860052734125
116,350.9207966327667,0.06381079926523325,0.05607778080124738,0.11988858006648064,6.526241515130892,0.06649981078247363,13.17622257758231,3.3988843672045377,0.06851702190779543,10.250586568766387
117,350.6126265525818,0.07369267122919254,0.06847747801000514,0.14217014923919769,6.500294491213603,0.0656148296318622,13.061777473583708,2.4682861067123967,0.06879458688742368,9.347744816639384
118,350.3315818309784,0.060726818433025576,0.05650907440022365,0.11723589283324923,6.800950475852855,0.06583689837325636,13.38464032167936,2.6110103593932257,0.07152989202557311,9.763999576777056
119,350.97393894195557,0.06911548496511015,0.06500294317589474,0.1341184281410049,6.441099075505333,0.06621021096914137,13.062120165485535,4.637091847716785,0.06831233975781172,11.468325841622274
120,350.4503707885742,0.06780770085373213,0.06460722452619147,0.1324149253799236,6.211242362856865,0.06525864005114299,12.737106331943595,3.364626721714798,0.06948700445434434,10.313327177843327
121,350.562819480896,0.06608601766336428,0.06597425516332682,0.13206027282669108,6.545101876078296,0.06617927699337924,13.163029565428296,2.619465837930287,0.06729120179037062,9.348586022528142
122,350.59350967407227,0.07660637862336928,0.06680684523774971,0.143413223861119,6.0815184880999755,0.06512034732685254,12.5935532145039,1.7422033117334266,0.0690706348986465,8.64926677497141
123,350.68703055381775,0.061276004460112006,0.04971744712166536,0.11099345158177737,6.5924090591877915,0.06504612321643342,13.097021408107159,6.562451518624207,0.06941903565581108,13.504355055386903
124,350.45229983329773,0.06609705665111427,0.06584119272742278,0.13193824937853704,6.325632456336578,0.06504934689159213,12.830567154571087,3.2356694797783385,0.06889663503601984,10.12533297781953
125,350.5519497394562,0.0663085601819816,0.057712714681303,0.1240212748632846,6.590159591532101,0.06592913882158541,13.183073493686036,1.9505145494403735,0.07042137922240736,8.992652508296167
126,350.74427342414856,0.062347029029099436,0.0627784133028324,0.12512544233193185,6.529143859163253,0.06505966842103152,13.035110719230053,2.4502965582090215,0.06920370420539422,9.370666987691855
127,350.32034635543823,0.0635209572853737,0.06176251600212462,0.12528347328749834,6.4626213612347625,0.06480650349017096,12.943271725499716,4.895248884277483,0.0685594450760436,11.75119339876922
128,352.4023656845093,0.056521736386292785,0.054972048279842804,0.11149378466613559,6.616608579010859,0.06560900073326839,13.177508644596504,5.3449146404509555,0.06847360572575817,12.192275206247965
129,353.0557155609131,0.05955287480123159,0.05540981315537365,0.11496268795660523,6.874367780820297,0.06512649295563525,13.387017051016327,2.8256480842557328,0.06733555146552392,9.559203254286274
130,351.2169237136841,0.06354387706933673,0.058729319807086226,0.12227319687642296,6.920699361031943,0.06484509116471202,13.405208482794517,3.142870168216893,0.06777571219414853,9.920441387781029
131,350.67028641700745,0.06931308166879233,0.06413950613315061,0.13345258780194294,6.386446446071576,0.0653892886065657,12.925375314089504,5.50363736682468,0.06741747689960975,12.245385069230432
132,351.5167770385742,0.06110956005538819,0.056606607625060396,0.11771616768044858,6.810198755051098,0.06481306527611243,13.291505278462042,1.8672334200046101,0.06815785053398168,8.683018472025303
133,351.45473051071167,0.06552649283462468,0.0632271508069998,0.12875364364162448,6.649602764823141,0.06479556693688687,13.129159443134808,2.018626619666435,0.06756233547954991,8.774860166678229
134,352.3487422466278,0.054626752493697035,0.04979421279549473,0.10442096528919176,6.975860515323869,0.06511430039383254,13.487290550975034,3.351054218840295,0.0682429200384379,10.175346226422947
135,351.5831768512726,0.06721220072492003,0.06120910707526919,0.12842130780018923,6.507339423590333,0.06539115432270014,13.046454864261793,4.014620150807559,0.0692402357065911,10.938643760368473
136,350.2809109687805,0.06895886714065783,0.06652274155462351,0.13548160869528134,6.696232481485736,0.06483896786770206,13.180129254603909,2.2933101977589785,0.06873579582501413,9.166889770869131
137,350.8971083164215,0.0668709173682889,0.05996794663167314,0.12683886399996203,6.615197584903153,0.06456139962865298,13.071337536956271,2.2588222644585296,0.06723828732336316,8.982650997425907
138,350.7106339931488,0.059445134209778844,0.05288067260605815,0.112325806815837,6.597903047382396,0.06420268153815945,13.018171203071184,3.0769771515563105,0.06918724094651545,9.995701259168337
139,350.50689792633057,0.06225157079142073,0.062312133489488664,0.12456370428090939,6.590622796575083,0.06376023777424066,12.966646582540804,4.035690855458786,0.06836267352402753,10.871958202785915
140,351.21192169189453,0.07337107871154083,0.06362846303032955,0.1369995417418704,6.547306685769645,0.06374512869230792,12.921819565722542,1.3524494806274039,0.06695132365175446,8.047581855499462
141,350.9859974384308,0.06137985876798319,0.05394370223105602,0.1153235609990392,6.59522536908188,0.0642734102228823,13.022566407048789,2.7436170415691556,0.06768602820177765,9.512219861556924
142,350.936399936676,0.05597302729533193,0.05397017443264856,0.10994320172798049,6.804628836358115,0.065512692603371,13.35589811292878,1.9495461726992074,0.06685534001536708,8.635080171630248
143,350.4227457046509,0.0493020118877261,0.04201005004977708,0.09131206193750319,6.920007640645451,0.06460541717361414,13.380549380596538,3.232444733489841,0.07045842527169294,10.278287276109928
144,351.07028317451477,0.07568208484014353,0.07121406299039632,0.14689614783053984,6.739234189373733,0.06447749335427572,13.186983512265838,1.9079174232178915,0.0674014478660645,8.648062189202925
145,351.03472447395325,0.06781035753644979,0.059578382809602565,0.12738874034605235,6.694720021564595,0.0643452693449918,13.129246955587917,3.8524698105883295,0.06547164030284884,10.39963384708203
146,350.4638695716858,0.060053912776255325,0.058194251740675544,0.11824816451693088,6.442929299752207,0.06410037573464351,12.852966865048792,2.4597883832476395,0.06823046518004548,9.2828349076985
147,350.3414444923401,0.06618624172780582,0.0629493467968194,0.12913558852462523,6.780335800327959,0.0636070352262243,13.1410393116683,3.0746954288639006,0.06789605688636204,9.864301135196929
148,351.17296838760376,0.05751774046166779,0.058796924653596865,0.11631466511526466,6.623388246164052,0.06425553315147473,13.048941569171683,1.7403519947780721,0.06678911069838944,8.419263070181202
149,352.72666811943054,0.06272969726775482,0.056042659823077864,0.11877235709083268,6.630105165887053,0.06366312897821079,12.996418064310603,3.7799507163478596,0.06801659246577536,10.581609954165197
150,352.12309980392456,0.05820963559322393,0.058325977591405447,0.11653561318462938,6.753909709135981,0.06380522689917192,13.134432407843805,3.9334337129401815,0.06811312878867425,10.744746599909604
151,350.4935109615326,0.07063468045107386,0.0629294162234603,0.13356409667453417,6.712776328525404,0.06390827980417636,13.10360432062706,3.7827723751519766,0.06884579774236581,10.667352185223272
152,350.67920899391174,0.05689370259862134,0.0554451676006046,0.11233887019922593,6.666055136842885,0.06392008154083682,13.058063273012204,2.647023326060811,0.06775088216396954,9.42211154249848
153,350.6320722103119,0.07084293569499865,0.06292554111560056,0.13376847681059922,6.713797055728679,0.06362649125606161,13.076446165351102,2.6532816321254864,0.06799103403446996,9.452385058168504
154,350.93070101737976,0.06082052672850883,0.057100804416240616,0.11792133114474945,6.71175386261766,0.0634281963741332,13.054573462174757,3.9227214069097203,0.06793958116288829,10.716679503574614
155,350.8234865665436,0.055951885631599946,0.0508492287128177,0.10680111434441764,6.773398612211221,0.0635145526378497,13.124853881497453,0.9341301060873737,0.06826379662464442,7.760509768036111
156,351.44036984443665,0.057137480543248194,0.05314700734445492,0.11028448788770312,6.921894153267362,0.06387074495093,13.308968626017117,3.2293151653963794,0.06664129503525942,9.893444657108606
157,352.2702729701996,0.05350284728512431,0.04953454333356547,0.10303739061868977,6.8085127622432955,0.06343126672457727,13.151639437588463,2.451293622508292,0.06651661781855403,9.102955398663797
158,350.83159494400024,0.06605531242809573,0.06568010576389749,0.13173541819199322,6.5524337918218905,0.06374574125167425,12.927007909565077,2.379177928079456,0.06906353612727263,9.285531556454295
159,350.64868235588074,0.057619023461186324,0.05829360008693272,0.11591262354811904,6.804664086251363,0.06316187954252844,13.120852027278747,1.7084882130714063,0.06703086627922097,8.411574844019878
160,350.92227125167847,0.0619051680836382,0.05697334460196002,0.11887851268559821,6.612137262077227,0.0634449890179111,12.956636156043867,2.703545607097162,0.06786695800260226,9.490241385114215
161,350.58199977874756,0.06173123380034217,0.06501933552886656,0.12675056932920872,6.718375273973402,0.06317495802471781,13.035871083936552,2.324401034792047,0.06919631243722416,9.244032274395607
162,350.8759207725525,0.06146265061405059,0.05473669962093872,0.11619935023498931,6.503674075877579,0.06392904062076459,12.896578158340315,2.265467197734367,0.06739189616236531,9.004656826429246
163,349.94496488571167,0.05351113009559371,0.04531229532424113,0.09882342541983484,6.7103590039658725,0.06397285068812984,13.107644061537554,2.44508942608842,0.0675555456494183,9.200643998894753
164,351.60550832748413,0.05880876092480791,0.056597544715691915,0.11540630564049983,6.850519501162271,0.06392661485409731,13.243180987608694,2.4554550243857127,0.06950341187118941,9.405796196074217
165,351.2896902561188,0.060110922498868756,0.057396675391689675,0.11750759789055842,6.72944062763322,0.06319974461675751,13.04941510371048,3.0490706433798227,0.06795393808224054,9.844464466220042
166,350.54585003852844,0.05615353174447986,0.053829971494912116,0.10998350323939197,6.720725745615298,0.06293365544423692,13.014091306794299,2.663578602785621,0.06676504750717398,9.3400833389581
167,350.86808013916016,0.06157959225992585,0.061531979753517485,0.12311157201344333,6.915712709953315,0.06336370687065035,13.252083400305171,1.95069494316921,0.06914505471419441,8.865200426409153
168,349.7303845882416,0.05319357791265083,0.04788452129584591,0.10107809920849674,6.986240824643713,0.06306613733937597,13.29285455293899,2.139279637506099,0.06724274453820699,8.863554095527078
169,353.0235764980316,0.057292689389011255,0.05490967730982863,0.11220236669883989,6.709140600242319,0.06264034950133604,12.973175564169013,2.505379484650867,0.0665478037164728,9.160159889248986
170,355.07162642478943,0.05370648273324047,0.05053657855383663,0.1042430612870771,7.101832820116169,0.06297960459406787,13.399793300750481,5.6719661093366165,0.06619237984389827,12.291204066875855
171,365.0974586009979,0.059417730625409386,0.06230917890319654,0.12172690952860593,7.039692612351292,0.0633766903932016,13.377361656105432,4.148095914357781,0.06762900527817739,10.910996435335642
172,371.9906892776489,0.05392716764687446,0.051224154313236576,0.10515132196011104,7.109066890810963,0.06279887493239227,13.388954395795391,2.772059934061082,0.06761655070053885,9.533715013597833
173,367.2353866100311,0.059825805130402206,0.050846387413352005,0.11067219254375421,6.706243393738775,0.06335359304802608,13.041602703124067,2.3658235883017924,0.06697879858545701,9.06370343145777
174,356.4960026741028,0.06688200961769604,0.0604161978684859,0.12729820748618192,6.911934642461095,0.06238231738246672,13.150166387540581,2.0968875552787156,0.06717326724477696,8.814214293856873
175,357.9202809333801,0.055304214915182184,0.05098111669320939,0.10628533160839157,7.015510619067363,0.06278976170689439,13.29448680460018,1.2086763100220206,0.06589071508598783,7.797747833046974
176,357.7338345050812,0.060903803747424504,0.05224549907973142,0.11314930282715592,6.682977582416395,0.06224575875149394,12.907553463956736,1.1078873653175183,0.06564674693039314,7.672562053729059
177,362.09152722358704,0.050312906321973425,0.04876330335909653,0.09907620968106995,7.09983542746436,0.06289054654189385,13.388890104789803,4.387279191955191,0.06774442170141011,11.16172132596292
178,353.4734799861908,0.05437768252754786,0.05441802851217585,0.10879571103972371,6.874611545653239,0.06275963691576472,13.150575224065433,4.043362085285082,0.06729557896830236,10.772919990543025
179,358.3659772872925,0.062090268011686656,0.05860284907633435,0.120693117088021,6.871899497552509,0.06312933433431296,13.184832909028895,3.1494839875424496,0.06802475319086203,9.951959285145467
180,370.8318078517914,0.056050743987081514,0.05718028309256058,0.1132310270796421,7.061014728552669,0.06367313184449959,13.4283279250138,2.2332945031763645,0.06687243879757455,8.92053839765177
181,361.22931957244873,0.053353481704316454,0.046785662843096834,0.1001391445474133,7.14597179278405,0.06250694582096886,13.396666382786131,3.254151632551287,0.06805585342746072,10.059736981417963
182,357.9588129520416,0.057355301250749655,0.05302110755516287,0.11037640880591253,6.924191063174801,0.06276994281878395,13.201185335751868,2.785465038756421,0.06757084861438457,9.542549905446926
183,359.4906063079834,0.04744141524608321,0.04555525426496277,0.09299666951104599,7.236585766376153,0.0632142748277512,13.558013260364532,1.4154387819962424,0.06832966848508962,8.248405613751576
184,366.87471294403076,0.05779496799654609,0.05782888896754352,0.11562385696408961,7.079616396205268,0.06320894358617621,13.40051075250563,3.070090281615926,0.06879500830834409,9.949591128552546
185,366.71656131744385,0.05695395299371119,0.05163232557724826,0.10858627857095945,6.9196970984883555,0.06279349052704136,13.199046172799855,4.652142110418101,0.06608843308566427,11.260985423958367
186,367.35936164855957,0.0640072849277854,0.06004261130800619,0.1240498962357916,6.749046026681461,0.06285183909234428,13.034229941611743,3.343133256300768,0.07049860788478715,10.392994041651324
187,372.2496688365936,0.05201576258152661,0.05031810944997632,0.10233387203150293,7.1789332296508945,0.06362110889690119,13.541044103403161,2.300392463993288,0.06739115834453284,9.039508295406627
188,359.7994384765625,0.05657162747780077,0.05160020835943671,0.10817183583723748,7.156156608766883,0.0628653961279681,13.442696206108497,4.043260299660035,0.06820088833611195,10.863349122427852
189,365.5396943092346,0.04889843864063932,0.04483995497349649,0.09373839361413581,7.132276591239837,0.06270728033714941,13.40300460279423,2.877230016911616,0.06764842461937112,9.642072469158903
190,352.6864311695099,0.06578023232334364,0.06642372166512579,0.13220395398846943,6.887497356718909,0.0631656167596616,13.204059014572714,1.9979818245100844,0.06671273739048313,8.669255557173154
191,358.0268394947052,0.05966524926553,0.062444850260456604,0.1221100995259866,6.727576806379931,0.06304406052766313,13.03198286782216,6.330880622829027,0.06758424925714568,13.089305547634327
192,366.17781686782837,0.058450923465446246,0.05363499669331232,0.11208592015875857,7.026512072360428,0.06271217031813105,13.297729081916113,2.2179475574328382,0.06619228947507336,8.837176513150741
193,369.12876868247986,0.06083194416625465,0.05501213769129162,0.11584408185754627,6.66125418626479,0.06224889802405726,12.886143984803319,3.7314871045843936,0.06750123896118668,10.481611002555528
194,359.9120955467224,0.06340004150404488,0.06523265839699595,0.12863269990104081,6.863372947667202,0.06262780631081724,13.126153588077448,2.478672617445878,0.06845498658913461,9.32417127734325
195,357.5104784965515,0.05894977122340446,0.05350881206171999,0.11245858328512445,6.724338937741127,0.06289774446852715,13.014113391837935,2.687458928979811,0.06791194957530021,9.478653892141875
196,363.6443145275116,0.04628431539613421,0.0450194273937758,0.09130374278991,7.265192150417035,0.06329976013066234,13.595168172443,2.6057507140606044,0.06631028857455336,9.23677956211111
197,361.09581303596497,0.054920621541841616,0.05112334485050863,0.10604396639235025,7.233221280531292,0.0625174492436128,13.484966220864415,3.6128029286969987,0.06644657323771379,10.257460258046134
198,358.56919836997986,0.049441224417228716,0.04765482165723453,0.09709604607446325,7.065482888887399,0.06210932269799489,13.276415167933832,3.1769319733635326,0.06577682045571683,9.754614015311708
199,352.1840467453003,0.05209391741564678,0.051894847962457864,0.10398876537810464,7.243155659550298,0.061833405225235206,13.426496192486617,4.166736984730635,0.06523964903020522,10.690701859027744
200,352.377623796463,0.05569848534879586,0.046638529500625074,0.10233701484942093,7.056869836510533,0.0621579878701808,13.272668605085707,3.333023445202353,0.06621562837468688,9.95458629309371
